region number,d18O,Age
1,-2.09,145
1,-2.09,145
1,-1.17,145
1,-1.17,145
1,-1.47,145.7
1,-1.47,145.7
1,-1.76,146.8
1,-1.76,146.8
1,-1.24,146.8
1,-1.24,146.8
1,0.06,147.2
1,0.06,147.2
1,0.93,147.2
1,0.93,147.2
1,-0.70,147.7
1,-0.70,147.7
1,-0.11,147.7
1,-0.11,147.7
1,-0.39,149
1,-0.39,149
1,-0.76,150.7
1,-0.76,150.7
1,-2.07,152.8
1,-2.07,152.8
1,-1.85,152.8
1,-1.85,152.8
1,-1.53,152.8
1,-1.53,152.8
1,-1.48,152.8
1,-1.48,152.8
1,-1.41,152.8
1,-1.41,152.8
1,-1.39,152.8
1,-1.39,152.8
1,-1.26,152.8
1,-1.26,152.8
1,-1.23,152.8
1,-1.23,152.8
1,-1.23,152.8
1,-1.23,152.8
1,-1.22,152.8
1,-1.22,152.8
1,-1.16,152.8
1,-1.16,152.8
1,-1.11,152.8
1,-1.11,152.8
1,-0.81,152.8
1,-0.81,152.8
1,-0.67,152.8
1,-0.67,152.8
1,-0.66,152.8
1,-0.66,152.8
1,-0.65,152.8
1,-0.65,152.8
1,-0.53,152.8
1,-0.53,152.8
1,-0.49,152.8
1,-0.49,152.8
1,-0.45,152.8
1,-0.45,152.8
1,-0.41,152.8
1,-0.41,152.8
1,-0.25,152.8
1,-0.25,152.8
1,-0.23,152.8
1,-0.23,152.8
1,0.08,152.8
1,0.08,152.8
1,0.09,152.8
1,0.09,152.8
1,0.09,152.8
1,0.09,152.8
1,0.44,152.8
1,0.44,152.8
1,0.62,152.8
1,0.62,152.8
1,-2.08,154.2
1,-2.08,154.2
1,1.24,154.2
1,1.24,154.2
1,-1.88,154.2
1,-1.88,154.2
1,-1.70,154.2
1,-1.70,154.2
1,-1.68,154.2
1,-1.68,154.2
1,-1.48,154.2
1,-1.47,154.2
1,-1.47,154.2
1,-1.15,154.2
1,-1.13,154.2
1,-1.13,154.2
1,-1.09,154.2
1,-1.09,154.2
1,-0.86,154.2
1,-0.71,154.2
1,-0.71,154.2
1,-0.64,154.2
1,-0.64,154.2
1,-0.62,154.2
1,-0.62,154.2
1,-0.61,154.2
1,-0.61,154.2
1,-0.61,154.2
1,-0.58,154.2
1,-0.58,154.2
1,-0.57,154.2
1,-0.57,154.2
1,-0.53,154.2
1,-0.53,154.2
1,-0.52,154.2
1,-0.52,154.2
1,-0.51,154.2
1,-0.51,154.2
1,-0.50,154.2
1,-0.49,154.2
1,-0.49,154.2
1,-0.47,154.2
1,-0.47,154.2
1,-0.46,154.2
1,-0.46,154.2
1,-0.44,154.2
1,-0.44,154.2
1,-0.43,154.2
1,-0.43,154.2
1,-0.36,154.2
1,-0.36,154.2
1,-0.35,154.2
1,-0.35,154.2
1,-0.35,154.2
1,-0.35,154.2
1,-0.29,154.2
1,-0.29,154.2
1,-0.19,154.2
1,-0.17,154.2
1,-0.17,154.2
1,-0.16,154.2
1,-0.16,154.2
1,-0.14,154.2
1,-0.14,154.2
1,-0.07,154.2
1,-0.07,154.2
1,-0.06,154.2
1,-0.06,154.2
1,-0.05,154.2
1,-0.05,154.2
1,-0.03,154.2
1,-0.03,154.2
1,0.03,154.2
1,0.03,154.2
1,0.09,154.2
1,0.09,154.2
1,0.11,154.2
1,0.11,154.2
1,0.30,154.2
1,0.30,154.2
1,0.32,154.2
1,0.32,154.2
1,0.65,154.2
1,0.65,154.2
1,0.73,154.2
1,0.73,154.2
1,-2.07,155.8
1,-2.07,155.8
1,-1.68,155.8
1,-1.68,155.8
1,-1.52,155.8
1,-1.52,155.8
1,-1.00,155.8
1,-1.00,155.8
1,-0.85,155.8
1,-0.85,155.8
1,-0.79,155.8
1,-0.79,155.8
1,-0.12,155.8
1,-0.12,155.8
1,0.04,155.8
1,0.04,155.8
1,0.05,155.8
1,0.05,155.8
1,0.07,155.8
1,0.07,155.8
1,0.13,155.8
1,0.13,155.8
1,0.16,155.8
1,0.16,155.8
1,0.25,155.8
1,0.25,155.8
1,0.40,155.8
1,0.40,155.8
1,0.12,156.1
1,0.12,156.1
1,0.29,156.1
1,0.29,156.1
1,-1.69,157.1
1,-1.69,157.1
1,-1.01,157.1
1,-1.01,157.1
1,-0.98,157.1
1,-0.98,157.1
1,-0.86,157.1
1,-0.86,157.1
1,-0.40,157.1
1,-0.40,157.1
1,-0.38,157.1
1,-0.38,157.1
1,-0.37,157.1
1,-0.37,157.1
1,-0.18,157.1
1,-0.18,157.1
1,-0.13,157.1
1,-0.13,157.1
1,-0.11,157.1
1,-0.11,157.1
1,0.24,157.1
1,0.24,157.1
1,0.36,157.1
1,0.36,157.1
1,0.38,157.1
1,0.38,157.1
1,0.41,157.1
1,0.41,157.1
1,0.45,157.1
1,0.45,157.1
1,0.52,157.1
1,0.52,157.1
1,-1.21,157.6
1,-1.21,157.6
1,-0.26,157.6
1,-0.26,157.6
1,-0.97,157.7
1,-0.97,157.7
1,-0.85,157.7
1,-0.85,157.7
1,-0.71,157.7
1,-0.71,157.7
1,-0.12,157.7
1,-0.12,157.7
1,-0.02,157.7
1,-0.02,157.7
1,0.21,157.7
1,0.21,157.7
1,0.22,157.7
1,0.22,157.7
1,0.23,157.7
1,0.23,157.7
1,0.33,157.7
1,0.33,157.7
1,0.45,157.7
1,0.45,157.7
1,0.68,157.7
1,0.68,157.7
1,0.75,157.7
1,0.75,157.7
1,-0.52,158
1,-0.52,158
1,-0.37,158
1,-0.37,158
1,-0.01,158
1,1.20,158
1,1.20,158
1,-1.05,158.2
1,-1.05,158.2
1,-1.32,158.3
1,-1.32,158.3
1,-1.19,158.3
1,-1.19,158.3
1,-0.81,158.3
1,-0.81,158.3
1,-0.76,158.3
1,-0.76,158.3
1,-0.72,158.3
1,-0.72,158.3
1,-0.71,158.3
1,-0.71,158.3
1,-0.66,158.3
1,-0.66,158.3
1,-0.40,158.3
1,-0.40,158.3
1,-0.35,158.3
1,-0.24,158.3
1,-0.24,158.3
1,0.03,158.3
1,0.03,158.3
1,0.06,158.3
1,0.06,158.3
1,0.63,158.3
1,0.63,158.3
1,-0.55,158.3
1,-0.55,158.3
1,-0.49,158.3
1,-0.49,158.3
1,-0.34,158.3
1,-0.34,158.3
1,-0.26,158.3
1,-0.26,158.3
1,-0.17,158.3
1,-0.17,158.3
1,-0.07,158.3
1,-0.07,158.3
1,-0.06,158.3
1,-0.06,158.3
1,-0.03,158.3
1,-0.03,158.3
1,0.18,158.3
1,0.18,158.3
1,0.22,158.3
1,0.22,158.3
1,0.50,158.3
1,0.50,158.3
1,-0.35,158.8
1,-3.51,158.8
1,-3.51,158.8
1,-1.02,158.8
1,-1.02,158.8
1,-0.84,158.8
1,-0.84,158.8
1,-0.79,158.8
1,-0.79,158.8
1,-0.69,158.8
1,-0.69,158.8
1,-0.64,158.8
1,-0.64,158.8
1,-0.61,158.8
1,-0.61,158.8
1,-0.59,158.8
1,-0.59,158.8
1,-0.59,158.8
1,-0.59,158.8
1,-0.38,158.8
1,-0.38,158.8
1,-0.27,158.8
1,-0.27,158.8
1,-0.27,158.8
1,-0.27,158.8
1,-0.09,158.8
1,-0.09,158.8
1,0.07,158.8
1,0.07,158.8
1,0.11,158.8
1,0.11,158.8
1,0.20,158.8
1,0.20,158.8
1,0.20,158.8
1,0.20,158.8
1,0.21,158.8
1,0.21,158.8
1,0.24,158.8
1,0.24,158.8
1,0.26,158.8
1,0.26,158.8
1,0.27,158.8
1,0.27,158.8
1,0.27,158.8
1,0.27,158.8
1,0.34,158.8
1,0.34,158.8
1,0.41,158.8
1,0.41,158.8
1,0.42,158.8
1,0.42,158.8
1,0.43,158.8
1,0.43,158.8
1,0.50,158.8
1,0.50,158.8
1,0.62,158.8
1,0.62,158.8
1,0.62,158.8
1,0.62,158.8
1,0.66,158.8
1,0.66,158.8
1,0.67,158.8
1,0.67,158.8
1,0.75,158.8
1,0.75,158.8
1,0.80,158.8
1,0.80,158.8
1,0.81,158.8
1,0.81,158.8
1,0.83,158.8
1,0.83,158.8
1,0.85,158.8
1,0.85,158.8
1,0.93,158.8
1,0.93,158.8
1,0.95,158.8
1,0.95,158.8
1,1.09,158.8
1,1.09,158.8
1,1.30,158.8
1,1.30,158.8
1,-1.45,159.4
1,-1.45,159.4
1,-1.25,159.4
1,-1.25,159.4
1,-0.93,159.4
1,-0.93,159.4
1,-0.52,159.4
1,-0.52,159.4
1,-0.48,159.4
1,-0.48,159.4
1,-0.35,159.4
1,-0.35,159.4
1,-0.28,159.4
1,-0.28,159.4
1,-0.27,159.4
1,-0.27,159.4
1,-0.02,159.4
1,-0.02,159.4
1,0.00,159.4
1,0.00,159.4
1,0.01,159.4
1,0.01,159.4
1,0.14,159.4
1,0.14,159.4
1,0.14,159.4
1,0.14,159.4
1,0.15,159.4
1,0.15,159.4
1,0.22,159.4
1,0.22,159.4
1,0.23,159.4
1,0.23,159.4
1,0.26,159.4
1,0.26,159.4
1,0.33,159.4
1,0.33,159.4
1,0.41,159.4
1,0.41,159.4
1,0.42,159.4
1,0.42,159.4
1,0.50,159.4
1,0.50,159.4
1,0.52,159.4
1,0.52,159.4
1,0.61,159.4
1,0.61,159.4
1,0.69,159.4
1,0.69,159.4
1,0.72,159.4
1,0.72,159.4
1,0.82,159.4
1,0.82,159.4
1,0.89,159.4
1,0.89,159.4
1,0.92,159.4
1,0.92,159.4
1,1.02,159.4
1,1.02,159.4
1,1.09,159.4
1,1.09,159.4
1,1.16,159.4
1,1.16,159.4
1,1.30,159.4
1,1.30,159.4
1,-0.71,160.6
1,-0.71,160.6
1,-0.55,160.6
1,-0.55,160.6
1,-0.17,160.6
1,-0.17,160.6
1,-0.39,160.6
1,-0.39,160.6
1,0.48,160.6
1,0.48,160.6
1,0.62,160.6
1,0.62,160.6
1,0.77,160.6
1,0.77,160.6
1,0.87,160.6
1,0.87,160.6
1,0.90,160.6
1,0.90,160.6
1,1.21,160.6
1,1.21,160.6
1,1.24,160.6
1,1.24,160.6
1,1.26,160.6
1,1.26,160.6
1,1.43,160.6
1,1.43,160.6
1,-0.95,162
1,-0.95,162
1,-0.74,162
1,-0.74,162
1,-0.65,162
1,-0.65,162
1,-0.54,162
1,-0.54,162
1,-0.35,162
1,-0.35,162
1,0.14,162
1,0.14,162
1,0.16,162
1,0.16,162
1,0.24,162
1,0.24,162
1,0.27,162
1,0.27,162
1,0.27,162
1,0.27,162
1,0.32,162
1,0.32,162
1,0.35,162
1,0.35,162
1,-0.37,162.7
1,-0.37,162.7
1,-0.04,162.7
1,-0.04,162.7
1,-0.02,162.7
1,-0.02,162.7
1,0.16,162.7
1,0.16,162.7
1,0.45,162.7
1,0.45,162.7
1,0.75,162.7
1,0.75,162.7
1,0.97,162.7
1,0.97,162.7
1,1.16,162.7
1,1.16,162.7
1,1.34,162.7
1,1.34,162.7
1,1.35,162.7
1,1.35,162.7
1,1.71,162.7
1,1.71,162.7
1,1.72,162.7
1,1.72,162.7
1,1.76,162.7
1,1.76,162.7
1,2.19,162.7
1,2.19,162.7
1,0.09,163.1
1,0.09,163.1
1,0.23,163.1
1,0.23,163.1
1,0.25,163.1
1,0.25,163.1
1,1.14,163.1
1,1.14,163.1
1,1.24,163.1
1,1.24,163.1
1,-0.06,163.1
1,-0.06,163.1
1,-1.66,163.4
1,-1.66,163.4
1,-1.57,163.4
1,-1.57,163.4
1,-1.56,163.4
1,-1.56,163.4
1,-1.53,163.4
1,-1.53,163.4
1,-1.50,163.4
1,-1.50,163.4
1,-1.32,163.4
1,-1.32,163.4
1,-1.31,163.4
1,-1.31,163.4
1,-1.29,163.4
1,-1.29,163.4
1,-1.29,163.4
1,-1.29,163.4
1,-1.28,163.4
1,-1.28,163.4
1,-1.28,163.4
1,-1.28,163.4
1,-1.25,163.4
1,-1.25,163.4
1,-1.21,163.4
1,-1.21,163.4
1,-1.20,163.4
1,-1.20,163.4
1,-1.18,163.4
1,-1.18,163.4
1,-1.16,163.4
1,-1.16,163.4
1,-1.14,163.4
1,-1.14,163.4
1,-1.02,163.4
1,-1.02,163.4
1,-1.00,163.4
1,-1.00,163.4
1,-0.97,163.4
1,-0.97,163.4
1,-0.95,163.4
1,-0.95,163.4
1,-0.93,163.4
1,-0.93,163.4
1,-0.93,163.4
1,-0.93,163.4
1,-0.89,163.4
1,-0.89,163.4
1,-0.88,163.4
1,-0.88,163.4
1,-0.84,163.4
1,-0.84,163.4
1,-0.78,163.4
1,-0.78,163.4
1,-0.77,163.4
1,-0.77,163.4
1,-0.74,163.4
1,-0.74,163.4
1,-0.70,163.4
1,-0.70,163.4
1,-0.70,163.4
1,-0.70,163.4
1,-0.70,163.4
1,-0.70,163.4
1,-0.64,163.4
1,-0.64,163.4
1,-0.58,163.4
1,-0.58,163.4
1,-0.57,163.4
1,-0.57,163.4
1,-0.53,163.4
1,-0.53,163.4
1,-0.53,163.4
1,-0.53,163.4
1,-0.51,163.4
1,-0.51,163.4
1,-0.50,163.4
1,-0.50,163.4
1,-0.49,163.4
1,-0.49,163.4
1,-0.45,163.4
1,-0.45,163.4
1,-0.45,163.4
1,-0.45,163.4
1,-0.43,163.4
1,-0.43,163.4
1,-0.42,163.4
1,-0.42,163.4
1,-0.38,163.4
1,-0.38,163.4
1,-0.37,163.4
1,-0.37,163.4
1,-0.36,163.4
1,-0.36,163.4
1,-0.27,163.4
1,-0.27,163.4
1,-0.23,163.4
1,-0.23,163.4
1,-0.22,163.4
1,-0.22,163.4
1,-0.14,163.4
1,-0.14,163.4
1,-0.13,163.4
1,-0.13,163.4
1,-0.07,163.4
1,-0.07,163.4
1,0.02,163.4
1,0.02,163.4
1,0.11,163.4
1,0.11,163.4
1,0.38,163.4
1,0.38,163.4
1,0.03,163.4
1,0.03,163.4
1,0.09,163.4
1,0.09,163.4
1,0.18,163.4
1,0.18,163.4
1,0.27,163.4
1,0.27,163.4
1,0.52,163.4
1,0.52,163.4
1,0.63,163.4
1,0.63,163.4
1,0.01,163.7
1,0.01,163.7
1,-0.76,164.2
1,-0.76,164.2
1,-0.74,164.2
1,-0.74,164.2
1,-0.48,164.2
1,-0.48,164.2
1,-0.44,164.2
1,-0.44,164.2
1,-0.33,164.2
1,-0.33,164.2
1,-0.32,164.2
1,-0.32,164.2
1,-0.31,164.2
1,-0.31,164.2
1,-0.03,164.2
1,-0.03,164.2
1,-0.02,164.2
1,-0.02,164.2
1,0.05,164.2
1,0.05,164.2
1,0.27,164.2
1,0.27,164.2
1,-2.09,164.9
1,-2.09,164.9
1,-1.37,164.9
1,-1.37,164.9
1,-0.92,164.9
1,-0.92,164.9
1,0.32,167.6
1,0.32,167.6
1,-0.47,169
1,-0.47,169
1,-0.39,169
1,-0.39,169
1,-0.26,169.5
1,-0.26,169.5
1,-0.13,169.5
1,-0.13,169.5
1,-0.11,169.5
1,-0.11,169.5
1,-3.08,169.9
1,-1.43,169.9
1,-1.26,169.9
1,-1.20,169.9
1,-1.20,169.9
1,-3.15,169.9
1,-2.75,169.9
1,-2.65,169.9
1,-2.19,169.9
1,-1.77,169.9
1,-1.74,169.9
1,-1.55,169.9
1,-1.23,169.9
1,-1.22,169.9
1,-1.19,169.9
1,-1.12,169.9
1,-0.86,169.9
1,-0.74,169.9
1,-0.73,169.9
1,-0.71,169.9
1,-0.66,169.9
1,-0.59,169.9
1,-0.51,169.9
1,-0.21,169.9
1,-0.18,169.9
1,-0.14,169.9
1,-0.07,169.9
1,-0.06,169.9
1,0.09,169.9
1,0.11,169.9
1,0.15,169.9
1,0.18,169.9
1,0.21,169.9
1,0.24,169.9
1,0.33,169.9
1,0.39,169.9
1,0.49,169.9
1,0.83,169.9
1,1,169.9
1,-2.83,170.1
1,-2.83,170.1
1,0.09,170.1
1,0.09,170.1
1,-0.10,170.6
1,-0.10,170.6
1,-4.5,170.6
1,-1.81,170.6
1,-0.07,170.6
1,-0.04,170.6
1,-0.02,170.6
1,0.03,170.6
1,0.13,170.6
1,0.13,170.6
1,0.13,170.6
1,0.14,170.6
1,0.18,170.6
1,0.18,170.6
1,0.18,170.6
1,0.18,170.6
1,0.29,170.6
1,0.3,170.6
1,0.37,170.6
1,0.42,170.6
1,0.43,170.6
1,0.49,170.6
1,0.57,170.6
1,0.58,170.6
1,0.71,170.6
1,0.77,170.6
1,0.84,170.6
1,0.96,170.6
1,0.96,170.6
1,1.01,170.6
1,1.04,170.6
1,1.11,170.6
1,1.25,170.6
1,1.4,170.6
1,1.40,170.6
1,1.40,170.6
1,-0.55,170.8
1,-0.55,170.8
1,0.25,170.8
1,0.25,170.8
1,-0.79,170.8
1,-0.79,170.8
1,-0.79,170.8
1,-0.76,170.8
1,-0.65,170.8
1,-0.65,170.8
1,-0.65,170.8
1,-0.49,170.8
1,-0.49,170.8
1,-0.49,170.8
1,-0.37,170.8
1,-0.37,170.8
1,-0.37,170.8
1,-0.26,170.8
1,-0.22,170.8
1,-0.2,170.8
1,-0.20,170.8
1,-0.20,170.8
1,-0.15,170.8
1,-0.15,170.8
1,-0.15,170.8
1,-0.15,170.8
1,-0.15,170.8
1,-0.15,170.8
1,-0.02,170.8
1,0.03,170.8
1,0.03,170.8
1,0.03,170.8
1,0.13,170.8
1,0.16,170.8
1,0.21,170.8
1,0.21,170.8
1,0.21,170.8
1,0.27,170.8
1,0.29,170.8
1,0.3,170.8
1,0.30,170.8
1,0.30,170.8
1,0.34,170.8
1,0.49,170.8
1,0.49,170.8
1,0.49,170.8
1,0.49,170.8
1,0.52,170.8
1,0.52,170.8
1,0.52,170.8
1,0.56,170.8
1,0.59,170.8
1,0.6,170.8
1,0.61,170.8
1,0.62,170.8
1,0.74,170.8
1,0.74,170.8
1,0.77,170.8
1,0.79,170.8
1,0.87,170.8
1,0.9,170.8
1,0.92,170.8
1,0.93,170.8
1,0.93,170.8
1,0.99,170.8
1,0.99,170.8
1,0.99,170.8
1,1,170.8
1,1.00,170.8
1,1.00,170.8
1,1.02,170.8
1,1.04,170.8
1,1.06,170.8
1,1.06,170.8
1,1.09,170.8
1,1.14,170.8
1,1.14,170.8
1,1.31,170.8
1,1.35,170.8
1,1.36,170.8
1,1.36,170.8
1,1.36,170.8
1,1.38,170.8
1,1.38,170.8
1,1.62,170.8
1,-0.34,171.2
1,-0.34,171.2
1,-0.18,171.2
1,-0.18,171.2
1,-3.38,171.2
1,-1.17,171.2
1,-0.26,171.2
1,-0.26,171.2
1,-0.01,171.2
1,-0.01,171.2
1,0.12,171.2
1,0.21,171.2
1,0.21,171.2
1,0.31,171.2
1,0.31,171.2
1,0.31,171.2
1,0.34,171.2
1,0.34,171.2
1,0.39,171.2
1,0.4,171.2
1,0.44,171.2
1,0.44,171.2
1,0.45,171.2
1,0.45,171.2
1,0.45,171.2
1,0.45,171.2
1,0.45,171.2
1,0.49,171.2
1,0.49,171.2
1,0.52,171.2
1,0.58,171.2
1,0.58,171.2
1,0.59,171.2
1,0.60,171.2
1,0.60,171.2
1,0.79,171.2
1,0.79,171.2
1,0.9,171.2
1,0.9,171.2
1,0.90,171.2
1,0.90,171.2
1,1.09,171.2
1,-0.18,171.6
1,-0.08,171.6
1,-0.08,171.6
1,-0.04,171.6
1,-0.01,171.6
1,0.12,171.6
1,0.12,171.6
1,0.18,171.6
1,0.19,171.6
1,0.29,171.6
1,0.31,171.6
1,0.34,171.6
1,0.49,171.6
1,0.51,171.6
1,0.52,171.6
1,0.52,171.6
1,0.56,171.6
1,0.58,171.6
1,0.69,171.6
1,0.74,171.6
1,0.76,171.6
1,0.87,171.6
1,0.91,171.6
1,1.04,171.6
1,1.09,171.6
1,1.25,171.6
1,1.42,171.6
1,1.63,171.6
1,1.84,171.6
1,0.53,172.1
1,0.53,172.1
1,-2.65,172.1
1,-0.65,172.1
1,-0.48,172.1
1,-0.39,172.1
1,-0.26,172.1
1,-0.26,172.1
1,-0.26,172.1
1,-0.12,172.1
1,-0.09,172.1
1,-0.06,172.1
1,-0.02,172.1
1,-0.02,172.1
1,-0.02,172.1
1,-0.02,172.1
1,0,172.1
1,0,172.1
1,0.01,172.1
1,0.08,172.1
1,0.15,172.1
1,0.18,172.1
1,0.18,172.1
1,0.18,172.1
1,0.19,172.1
1,0.21,172.1
1,0.29,172.1
1,0.29,172.1
1,0.3,172.1
1,0.36,172.1
1,0.36,172.1
1,0.36,172.1
1,0.38,172.1
1,0.44,172.1
1,0.45,172.1
1,0.45,172.1
1,0.45,172.1
1,0.45,172.1
1,0.48,172.1
1,0.49,172.1
1,0.49,172.1
1,0.56,172.1
1,0.56,172.1
1,0.56,172.1
1,0.64,172.1
1,0.64,172.1
1,0.64,172.1
1,0.64,172.1
1,0.65,172.1
1,0.66,172.1
1,0.71,172.1
1,0.71,172.1
1,0.71,172.1
1,0.84,172.1
1,0.88,172.1
1,0.88,172.1
1,0.88,172.1
1,0.88,172.1
1,0.88,172.1
1,0.89,172.1
1,0.92,172.1
1,0.93,172.1
1,0.95,172.1
1,1.11,172.1
1,1.14,172.1
1,2.34,172.1
1,-4.53,173.6
1,-4.43,173.6
1,-4.23,173.6
1,-4.11,173.6
1,-4.09,173.6
1,-4.03,173.6
1,-3.91,173.6
1,-3.88,173.6
1,-3.78,173.6
1,-3.77,173.6
1,-3.77,173.6
1,-3.68,173.6
1,-3.6,173.6
1,-3.55,173.6
1,-3.42,173.6
1,-3.39,173.6
1,-3.23,173.6
1,-3.21,173.6
1,-3.17,173.6
1,-3.11,173.6
1,-3.1,173.6
1,-2.9,173.6
1,-2.59,173.6
1,-2.56,173.6
1,-2.18,173.6
1,-2.13,173.6
1,-1.89,173.6
1,-1.52,173.6
1,-1.52,173.6
1,-1.25,173.6
1,-4.99,173.6
1,-4.68,173.6
1,-4.49,173.6
1,-4.19,173.6
1,-4.13,173.6
1,-4.1,173.6
1,-4.06,173.6
1,-3.34,173.6
1,-2.77,173.6
1,-2.66,173.6
1,-2.58,173.6
1,-2.4,173.6
1,-2.38,173.6
1,-2.35,173.6
1,-2.35,173.6
1,-2.35,173.6
1,-2.32,173.6
1,-2.32,173.6
1,-2.32,173.6
1,-2.23,173.6
1,-2.08,173.6
1,-1.99,173.6
1,-1.93,173.6
1,-1.9,173.6
1,-1.82,173.6
1,-1.82,173.6
1,-1.82,173.6
1,-1.63,173.6
1,-1.52,173.6
1,-1.52,173.6
1,-1.52,173.6
1,-1.51,173.6
1,-1.51,173.6
1,-1.51,173.6
1,-1.49,173.6
1,-1.45,173.6
1,-1.45,173.6
1,-1.45,173.6
1,-1.42,173.6
1,-1.42,173.6
1,-1.42,173.6
1,-1.38,173.6
1,-1.38,173.6
1,-1.38,173.6
1,-1.34,173.6
1,-1.28,173.6
1,-1.28,173.6
1,-1.28,173.6
1,-1.28,173.6
1,-1.26,173.6
1,-1.26,173.6
1,-1.26,173.6
1,-1.25,173.6
1,-1.25,173.6
1,-1.19,173.6
1,-1.1,173.6
1,-1.04,173.6
1,-0.97,173.6
1,-0.82,173.6
1,-0.82,173.6
1,-0.82,173.6
1,-0.79,173.6
1,-0.79,173.6
1,-0.79,173.6
1,-0.79,173.6
1,-0.78,173.6
1,-0.7,173.6
1,-0.70,173.6
1,-0.70,173.6
1,-0.69,173.6
1,-0.69,173.6
1,-0.6,173.6
1,-0.59,173.6
1,-0.59,173.6
1,-0.55,173.6
1,-0.53,173.6
1,-0.53,173.6
1,-0.49,173.6
1,-0.49,173.6
1,-0.47,173.6
1,-0.43,173.6
1,-0.43,173.6
1,-0.43,173.6
1,-0.37,173.6
1,-0.22,173.6
1,-0.22,173.6
1,-0.22,173.6
1,-0.21,173.6
1,-0.21,173.6
1,-0.21,173.6
1,-0.2,173.6
1,-0.20,173.6
1,-0.20,173.6
1,-0.16,173.6
1,-0.15,173.6
1,-0.07,173.6
1,-0.07,173.6
1,-0.07,173.6
1,-0.01,173.6
1,-0.01,173.6
1,-0.01,173.6
1,0.04,173.6
1,0.04,173.6
1,0.04,173.6
1,0.18,173.6
1,0.18,173.6
1,0.18,173.6
1,0.35,173.6
1,0.35,173.6
1,0.35,173.6
1,0.75,173.6
1,0.75,173.6
1,0.75,173.6
1,0.82,173.6
1,0.82,173.6
1,0.82,173.6
1,1.13,173.6
1,1.13,173.6
1,1.13,173.6
1,1.24,173.6
1,1.24,173.6
1,1.24,173.6
1,1.25,173.6
1,1.25,173.6
1,1.25,173.6
1,1.73,175.2
1,1.73,175.2
1,-1.73,175.2
1,-1.73,175.2
1,-1.73,175.2
1,-1.65,175.2
1,-1.65,175.2
1,-1.65,175.2
1,-1.41,175.2
1,-1.41,175.2
1,-1.41,175.2
1,-1.36,175.2
1,-1.36,175.2
1,-1.36,175.2
1,-4.98,176.6
1,-4.94,176.6
1,-4.75,176.6
1,-4.74,176.6
1,-4.64,176.6
1,-4.57,176.6
1,-4.53,176.6
1,-4.48,176.6
1,-4.46,176.6
1,-4.46,176.6
1,-4.43,176.6
1,-4.4,176.6
1,-4.34,176.6
1,-4.25,176.6
1,-4.21,176.6
1,-4.21,176.6
1,-4.19,176.6
1,-4.14,176.6
1,-4.1,176.6
1,-4.03,176.6
1,-3.99,176.6
1,-3.96,176.6
1,-3.95,176.6
1,-3.94,176.6
1,-3.91,176.6
1,-3.89,176.6
1,-3.84,176.6
1,-3.82,176.6
1,-3.79,176.6
1,-3.78,176.6
1,-3.77,176.6
1,-3.72,176.6
1,-3.72,176.6
1,-3.72,176.6
1,-3.71,176.6
1,-3.69,176.6
1,-3.69,176.6
1,-3.68,176.6
1,-3.66,176.6
1,-3.64,176.6
1,-3.62,176.6
1,-3.58,176.6
1,-3.57,176.6
1,-3.56,176.6
1,-3.53,176.6
1,-3.5,176.6
1,-3.45,176.6
1,-3.43,176.6
1,-3.4,176.6
1,-3.34,176.6
1,-3.34,176.6
1,-3.33,176.6
1,-3.2,176.6
1,-3.15,176.6
1,-3.13,176.6
1,-3.1,176.6
1,-3.09,176.6
1,-3.08,176.6
1,-3.01,176.6
1,-2.99,176.6
1,-2.98,176.6
1,-2.98,176.6
1,-2.95,176.6
1,-2.95,176.6
1,-2.92,176.6
1,-2.86,176.6
1,-2.82,176.6
1,-2.78,176.6
1,-2.72,176.6
1,-2.7,176.6
1,-2.7,176.6
1,-2.56,176.6
1,-2.56,176.6
1,-2.56,176.6
1,-2.55,176.6
1,-2.55,176.6
1,-2.41,176.6
1,-2.25,176.6
1,-2.08,176.6
1,-1.82,176.6
1,-1.66,176.6
1,-1.6,176.6
1,-0.46,176.6
1,-0.46,176.6
1,0.61,176.6
1,0.61,176.6
1,-3.18,176.6
1,-3.06,176.6
1,-2.78,176.6
1,-2.57,176.6
1,-2.35,176.6
1,-1.99,176.6
1,-1.83,176.6
1,-1.81,176.6
1,-1.78,176.6
1,-1.69,176.6
1,-1.63,176.6
1,-1.62,176.6
1,-1.6,176.6
1,-1.51,176.6
1,-1.46,176.6
1,-1.41,176.6
1,-1.4,176.6
1,-1.33,176.6
1,-1.03,176.6
1,-0.75,176.6
1,-0.72,176.6
1,-0.71,176.6
1,-0.54,176.6
1,-0.53,176.6
1,-0.36,176.6
1,-4.13,177.8
1,-4.01,177.8
1,-3.96,177.8
1,-3.95,177.8
1,-3.93,177.8
1,-3.69,177.8
1,-3.51,177.8
1,-3.51,177.8
1,-3.47,177.8
1,-3.39,177.8
1,-3.34,177.8
1,-3.29,177.8
1,-3.2,177.8
1,-3.11,177.8
1,-3.11,177.8
1,-3.06,177.8
1,-3.06,177.8
1,-2.58,177.8
1,-2.57,177.8
1,-2.55,177.8
1,-1.75,177.8
1,-1.74,177.8
1,-1.39,177.8
1,-4.35,179
1,-4.17,179
1,-4.02,179
1,-3.88,179
1,-3.78,179
1,-3.67,179
1,-3.63,179
1,-3.61,179
1,-3.56,179
1,-3.46,179
1,-3.46,179
1,-3.45,179
1,-3.4,179
1,-3.4,179
1,-3.38,179
1,-3.37,179
1,-3.32,179
1,-3.29,179
1,-3.29,179
1,-3.27,179
1,-3.25,179
1,-3.12,179
1,-3.12,179
1,-3.09,179
1,-3.09,179
1,-3.08,179
1,-3.04,179
1,-3.04,179
1,-3.04,179
1,-3.04,179
1,-3.03,179
1,-2.99,179
1,-2.98,179
1,-2.98,179
1,-2.94,179
1,-2.93,179
1,-2.93,179
1,-2.92,179
1,-2.91,179
1,-2.85,179
1,-2.81,179
1,-2.8,179
1,-2.8,179
1,-2.77,179
1,-2.77,179
1,-2.70,179
1,-2.70,179
1,-2.67,179
1,-2.67,179
1,-2.66,179
1,-2.62,179
1,-2.62,179
1,-2.53,179
1,-2.51,179
1,-2.5,179
1,-2.48,179
1,-2.44,179
1,-2.43,179
1,-2.4,179
1,-2.36,179
1,-2.36,179
1,-2.35,179
1,-2.26,179
1,-2.22,179
1,-2.19,179
1,-2.15,179
1,-2.15,179
1,-2.09,179
1,-1.92,179
1,-1.75,179
1,-1.75,179
1,-1.69,179
1,-1.33,179
1,-1.15,179
1,-4.93,180.5
1,-4.9,180.5
1,-4.68,180.5
1,-4.47,180.5
1,-4.43,180.5
1,-4.35,180.5
1,-4.16,180.5
1,-3.98,180.5
1,-3.98,180.5
1,-3.91,180.5
1,-3.91,180.5
1,-3.86,180.5
1,-3.86,180.5
1,-3.86,180.5
1,-3.8,180.5
1,-3.77,180.5
1,-3.76,180.5
1,-3.75,180.5
1,-3.75,180.5
1,-3.72,180.5
1,-3.72,180.5
1,-3.72,180.5
1,-3.71,180.5
1,-3.71,180.5
1,-3.68,180.5
1,-3.67,180.5
1,-3.67,180.5
1,-3.64,180.5
1,-3.64,180.5
1,-3.58,180.5
1,-3.58,180.5
1,-3.58,180.5
1,-3.55,180.5
1,-3.47,180.5
1,-3.44,180.5
1,-3.43,180.5
1,-3.4,180.5
1,-3.4,180.5
1,-3.38,180.5
1,-3.38,180.5
1,-3.35,180.5
1,-3.35,180.5
1,-3.35,180.5
1,-3.34,180.5
1,-3.33,180.5
1,-3.33,180.5
1,-3.33,180.5
1,-3.31,180.5
1,-3.31,180.5
1,-3.28,180.5
1,-3.27,180.5
1,-3.27,180.5
1,-3.26,180.5
1,-3.26,180.5
1,-3.22,180.5
1,-3.19,180.5
1,-3.19,180.5
1,-3.19,180.5
1,-3.15,180.5
1,-3.15,180.5
1,-3.14,180.5
1,-3.14,180.5
1,-3.08,180.5
1,-3.08,180.5
1,-3.08,180.5
1,-3.06,180.5
1,-3.06,180.5
1,-3.05,180.5
1,-3.04,180.5
1,-3.04,180.5
1,-3.02,180.5
1,-3.02,180.5
1,-3.02,180.5
1,-3.02,180.5
1,-3.02,180.5
1,-3.01,180.5
1,-2.97,180.5
1,-2.96,180.5
1,-2.95,180.5
1,-2.95,180.5
1,-2.94,180.5
1,-2.94,180.5
1,-2.81,180.5
1,-2.78,180.5
1,-2.78,180.5
1,-2.76,180.5
1,-2.75,180.5
1,-2.74,180.5
1,-2.74,180.5
1,-2.72,180.5
1,-2.69,180.5
1,-2.69,180.5
1,-2.67,180.5
1,-2.67,180.5
1,-2.65,180.5
1,-2.65,180.5
1,-2.63,180.5
1,-2.63,180.5
1,-2.63,180.5
1,-2.6,180.5
1,-2.58,180.5
1,-2.56,180.5
1,-2.56,180.5
1,-2.55,180.5
1,-2.52,180.5
1,-2.51,180.5
1,-2.5,180.5
1,-2.50,180.5
1,-2.50,180.5
1,-2.48,180.5
1,-2.48,180.5
1,-2.44,180.5
1,-2.44,180.5
1,-2.43,180.5
1,-2.38,180.5
1,-2.36,180.5
1,-2.31,180.5
1,-2.3,180.5
1,-2.29,180.5
1,-2.23,180.5
1,-2.2,180.5
1,-2.13,180.5
1,-2.13,180.5
1,-2.12,180.5
1,-2.11,180.5
1,-2.1,180.5
1,-2.05,180.5
1,-2.02,180.5
1,-1.99,180.5
1,-1.78,180.5
1,-1.67,180.5
1,-1.67,180.5
1,-1.66,180.5
1,-1.64,180.5
1,-1.47,180.5
1,-1.46,180.5
1,-1.4,180.5
1,-1.38,180.5
1,-1.37,180.5
1,-1.04,180.5
1,-0.98,180.5
1,-0.91,180.5
1,-0.8,180.5
1,-4.13,180.5
1,-4.13,180.5
1,-4.13,180.5
2,-3.21,180.5
2,-0.53,153.9
2,-0.02,153.9
2,-0.53,153.9
2,-0.02,153.9
2,-1.43,154.5
2,-1.43,154.5
2,-1.16,154.5
2,-1.16,154.5
2,-0.93,154.5
2,-0.93,154.5
2,-0.23,154.5
2,-0.23,154.5
2,-0.86,154.5
2,-0.59,154.5
2,-0.39,154.5
2,-0.33,154.5
2,-0.86,154.5
2,-0.59,154.5
2,-0.39,154.5
2,-0.33,154.5
2,-0.40,158.8
2,-0.40,158.8
2,-0.05,158.8
2,-0.05,158.8
2,0.46,158.8
2,0.46,158.8
2,0.81,158.8
2,0.81,158.8
2,-0.62,158.8
2,-0.62,158.8
2,-0.31,158.8
2,-0.31,158.8
2,-0.15,158.8
2,-0.15,158.8
2,-0.14,158.8
2,-0.14,158.8
2,-0.13,158.8
2,-0.13,158.8
2,-0.11,158.8
2,-0.11,158.8
2,-0.08,158.8
2,-0.08,158.8
2,-0.03,158.8
2,-0.03,158.8
2,0.01,158.8
2,0.01,158.8
2,0.02,158.8
2,0.02,158.8
2,0.04,158.8
2,0.04,158.8
2,0.08,158.8
2,0.08,158.8
2,0.12,158.8
2,0.12,158.8
2,0.12,158.8
2,0.12,158.8
2,0.45,158.8
2,0.45,158.8
2,-0.18,159.4
2,-0.18,159.4
2,-0.18,159.4
2,-0.18,159.4
2,-0.16,159.4
2,-0.16,159.4
2,-0.15,159.4
2,-0.15,159.4
2,-0.08,159.4
2,-0.08,159.4
2,-0.06,159.4
2,-0.06,159.4
2,0.11,159.4
2,0.11,159.4
2,0.16,159.4
2,0.16,159.4
2,-0.18,159.4
2,-0.18,159.4
2,-0.18,159.4
2,-0.16,159.4
2,-0.15,159.4
2,-0.10,159.4
2,-0.06,159.4
2,-0.05,159.4
2,-0.04,159.4
2,-0.02,159.4
2,0.03,159.4
2,0.10,159.4
2,0.11,159.4
2,0.16,159.4
2,0.32,159.4
2,-0.18,159.4
2,-0.18,159.4
2,-0.06,159.4
2,-0.05,159.4
2,0.03,159.4
2,0.10,159.4
2,0.32,159.4
2,-0.02,159.4
2,-0.16,159.4
2,-0.04,159.4
2,-0.10,159.4
2,-0.18,159.4
2,0.16,159.4
2,-0.15,159.4
2,0.11,159.4
2,-0.50,162
2,-0.50,162
2,-0.24,162
2,-0.24,162
2,0.12,162
2,0.12,162
2,0.23,162
2,0.23,162
2,0.25,162
2,0.25,162
2,0.27,162
2,0.27,162
2,0.28,162
2,0.28,162
2,0.30,162
2,0.30,162
2,0.32,162
2,0.32,162
2,0.32,162
2,0.32,162
2,0.34,162
2,0.34,162
2,0.45,162
2,0.45,162
2,-0.19,162.7
2,-0.19,162.7
2,-0.07,162.7
2,-0.07,162.7
2,-0.07,162.7
2,-0.07,162.7
2,0.00,162.7
2,0.00,162.7
2,0.03,162.7
2,0.03,162.7
2,0.03,162.7
2,0.03,162.7
2,0.06,162.7
2,0.06,162.7
2,0.10,162.7
2,0.10,162.7
2,0.11,162.7
2,0.11,162.7
2,0.12,162.7
2,0.12,162.7
2,0.12,162.7
2,0.12,162.7
2,0.14,162.7
2,0.14,162.7
2,0.14,162.7
2,0.14,162.7
2,0.16,162.7
2,0.16,162.7
2,0.24,162.7
2,0.24,162.7
2,0.25,162.7
2,0.25,162.7
2,0.36,162.7
2,0.36,162.7
2,0.44,162.7
2,0.44,162.7
2,0.45,162.7
2,0.45,162.7
2,0.52,162.7
2,0.52,162.7
2,0.62,162.7
2,0.62,162.7
2,-0.60,163.1
2,-0.60,163.1
2,-0.13,163.1
2,-0.13,163.1
2,0.05,163.1
2,0.05,163.1
2,0.19,163.1
2,0.19,163.1
2,0.25,163.1
2,0.25,163.1
2,-0.65,163.4
2,-0.45,163.4
2,0.17,163.4
2,0.27,163.4
2,0.27,163.4
2,-0.65,163.4
2,-0.45,163.4
2,-0.36,163.4
2,-0.36,163.4
2,-0.24,163.4
2,-0.24,163.4
2,0.08,163.4
2,0.08,163.4
2,0.17,163.4
2,0.20,163.4
2,0.20,163.4
2,-0.38,163.4
2,-0.38,163.4
2,-0.22,163.4
2,-0.22,163.4
2,0.02,163.4
2,0.02,163.4
2,0.05,163.4
2,0.05,163.4
2,0.08,163.4
2,0.08,163.4
2,0.14,163.4
2,0.14,163.4
2,-0.21,164.2
2,-0.21,164.2
2,-0.09,164.2
2,-0.09,164.2
2,0.02,164.2
2,0.02,164.2
2,0.04,164.2
2,0.04,164.2
2,0.08,164.2
2,0.08,164.2
2,0.29,164.2
2,0.29,164.2
2,0.42,164.2
2,0.42,164.2
2,0.45,164.2
2,0.45,164.2
2,-0.33,164.9
2,-0.33,164.9
2,0.12,164.9
2,0.12,164.9
2,0.19,164.9
2,0.19,164.9
2,0.23,164.9
2,0.23,164.9
2,0.26,164.9
2,0.26,164.9
2,-0.17,165.6
2,-0.17,165.6
2,-0.02,165.9
2,-0.02,165.9
2,0.14,165.9
2,0.14,165.9
2,0.21,165.9
2,0.21,165.9
2,0.28,165.9
2,0.28,165.9
2,0.37,165.9
2,0.37,165.9
2,0.47,165.9
2,0.47,165.9
2,0.52,165.9
2,0.52,165.9
2,0.67,165.9
2,0.69,165.9
2,0.69,165.9
2,1.07,165.9
2,1.07,165.9
2,0.20,166.1
2,0.20,166.1
2,0.37,166.1
2,0.37,166.1
2,0.41,166.1
2,0.41,166.1
2,0.46,166.1
2,0.46,166.1
2,0.79,166.1
2,0.79,166.1
2,0.81,166.1
2,0.81,166.1
2,0.84,166.1
2,0.84,166.1
2,1.58,166.1
2,1.58,166.1
2,0.80,166.3
2,0.80,166.3
2,0.85,166.3
2,0.85,166.3
2,-0.47,166.7
2,-0.47,166.7
2,0.32,166.7
2,0.32,166.7
2,0.50,166.7
2,0.50,166.7
2,0.52,166.7
2,0.52,166.7
2,0.17,167.6
2,0.17,167.6
2,0.22,167.6
2,0.22,167.6
2,0.25,167.6
2,0.25,167.6
2,0.40,167.6
2,0.40,167.6
2,0.47,167.6
2,0.47,167.6
2,0.53,167.6
2,0.53,167.6
2,0.59,167.6
2,0.59,167.6
2,0.64,167.6
2,0.64,167.6
2,0.66,167.6
2,0.66,167.6
2,0.73,167.6
2,0.73,167.6
2,0.75,167.6
2,0.75,167.6
2,0.85,167.6
2,0.85,167.6
2,0.89,167.6
2,0.89,167.6
2,0.90,167.6
2,0.90,167.6
2,0.92,167.6
2,0.92,167.6
2,1.07,167.6
2,1.07,167.6
2,1.24,167.6
2,1.24,167.6
2,1.37,167.6
2,1.37,167.6
2,0.00,167.6
2,0.00,167.6
2,-0.27,168.4
2,-0.27,168.4
2,-0.03,168.4
2,-0.03,168.4
2,0.40,168.4
2,0.40,168.4
2,0.46,168.4
2,0.46,168.4
2,0.50,168.4
2,0.50,168.4
2,0.66,168.4
2,0.66,168.4
2,0.76,168.4
2,0.76,168.4
2,0.91,168.4
2,0.91,168.4
2,0.98,168.4
2,0.98,168.4
2,1.04,168.4
2,1.04,168.4
2,-1.73,169
2,-1.73,169
2,0.50,169.5
2,0.50,169.5
2,0.20,169.9
2,0.20,169.9
2,-0.35,170.6
2,-0.32,170.6
2,-0.3,170.6
2,-2.62,170.8
2,-2.62,170.8
2,-1.01,170.8
2,-1.01,170.8
2,-0.20,170.8
2,-0.20,170.8
2,-1.52,171.2
2,-1.52,171.2
2,-1.89,172.1
2,-1.89,172.1
2,-1.24,173.6
2,-1.24,173.6
2,-1.17,173.6
2,-1.17,173.6
2,-1.07,173.6
2,-1.07,173.6
2,-0.76,173.6
2,-0.76,173.6
2,-0.40,173.6
2,-0.40,173.6
2,-0.29,173.6
2,-0.29,173.6
2,-0.23,173.6
2,-0.23,173.6
2,-1.19,173.6
2,-1.01,173.6
2,-0.55,173.6
2,-0.54,173.6
2,-0.46,173.6
2,-0.4,173.6
2,-0.35,173.6
2,-1.65,175.2
2,-1.65,175.2
2,-0.81,175.2
2,-0.81,175.2
2,-1.51,175.2
2,-1.51,175.2
2,-3.13,175.2
2,-3.13,175.2
2,-3.08,175.2
2,-3.08,175.2
2,-2.60,175.2
2,-2.60,175.2
2,-1.33,175.2
2,-1.33,175.2
2,-1.16,175.2
2,-1.16,175.2
2,-1.11,175.2
2,-1.11,175.2
2,-0.22,175.2
2,-0.22,175.2
2,-1.6,175.2
2,-1.51,175.2
2,-1.49,175.2
2,-1.35,176.6
2,-1.35,176.6
2,-2.81,176.6
2,-2.81,176.6
2,-1.55,176.6
2,-1.55,176.6
2,-2.42,176.6
2,-2.42,176.6
2,-1.70,176.6
2,-1.70,176.6
2,-1.35,176.6
2,-1.35,176.6
2,-1.27,176.6
2,-1.27,176.6
2,-1.20,176.6
2,-1.20,176.6
2,-0.96,176.6
2,-0.96,176.6
2,-0.44,176.6
2,-0.44,176.6
2,-3.31,176.6
2,-3.00,176.6
2,-2.95,176.6
2,-2.81,176.6
2,-2.66,176.6
2,-2.60,176.6
2,-2.22,176.6
2,-1.88,176.6
2,-1.87,176.6
2,-1.56,176.6
2,-1.53,176.6
2,-1.44,176.6
2,-0.87,176.6
2,-3.31,176.6
2,-3.00,176.6
2,-2.95,176.6
2,-2.81,176.6
2,-2.66,176.6
2,-2.60,176.6
2,-2.22,176.6
2,-1.88,176.6
2,-1.87,176.6
2,-1.56,176.6
2,-1.53,176.6
2,-1.44,176.6
2,-0.87,176.6
2,-2.10,177.8
2,-2.10,177.8
2,-1.42,177.8
2,-1.42,177.8
2,-1.31,177.8
2,-1.31,177.8
2,-1.17,177.8
2,-1.17,177.8
2,-1.15,177.8
2,-1.15,177.8
2,-2.94,177.8
2,-2.94,177.8
2,-2.80,177.8
2,-2.80,177.8
2,-2.54,177.8
2,-2.54,177.8
2,-2.14,177.8
2,-2.14,177.8
2,-2.18,177.8
2,-2.18,177.8
2,-1.96,177.8
2,-1.96,177.8
2,-1.81,177.8
2,-1.81,177.8
2,-1.66,177.8
2,-1.66,177.8
2,-1.64,177.8
2,-1.64,177.8
2,-1.55,177.8
2,-1.55,177.8
2,-1.51,177.8
2,-1.51,177.8
2,-1.51,177.8
2,-1.47,177.8
2,-1.50,179
2,-1.50,179
2,-1.30,179
2,-1.30,179
2,-0.96,179
2,-0.96,179
2,-2.99,179
2,-2.99,179
2,-2.86,179
2,-2.86,179
2,-2.53,179
2,-2.53,179
2,-2.73,179
2,-2.73,179
2,-1.31,179
2,-1.31,179
2,-1.16,179
2,-1.16,179
2,-0.94,179
2,-0.94,179
2,-2.20,180.5
2,-2.04,180.5
2,-1.89,180.5
2,-1.69,180.5
2,-1.55,180.5
2,-1.42,180.5
2,-1.42,180.5
2,-1.38,180.5
2,-1.35,180.5
2,-1.29,180.5
2,-1.25,180.5
2,-1.22,180.5
2,-1.21,180.5
2,-1.15,180.5
2,-1.13,180.5
2,-1.11,180.5
2,-1.04,180.5
2,-0.89,180.5
2,-0.67,180.5
2,-3.21,180.5
2,-2.20,180.5
2,-2.04,180.5
2,-1.89,180.5
2,-1.69,180.5
2,-1.55,180.5
2,-1.42,180.5
2,-1.42,180.5
2,-1.38,180.5
2,-1.35,180.5
2,-1.29,180.5
2,-1.25,180.5
2,-1.22,180.5
2,-1.21,180.5
2,-1.15,180.5
2,-1.13,180.5
2,-1.11,180.5
2,-1.04,180.5
2,-0.89,180.5
2,-0.67,180.5
2,-1.46,180.5
2,-1.46,180.5
2,-1.40,180.5
2,-1.40,180.5
2,-1.32,180.5
2,-1.32,180.5
2,-1.05,180.5
2,-1.05,180.5
2,-3.41,180.5
2,-2.84,180.5
2,-2.84,180.5
2,-3.41,180.5
2,-2.04,180.5
2,-2.04,180.5
2,-1.59,180.5
2,-1.59,180.5
2,-1.50,180.5
2,-1.50,180.5
2,-1.45,180.5
2,-1.45,180.5
2,-1.31,180.5
2,-1.31,180.5
2,-1.16,180.5
2,-1.16,180.5
2,-0.99,180.5
2,-0.99,180.5
2,-0.96,180.5
2,-0.96,180.5
2,-1.67,180.5
2,-1.56,180.5
2,-1.4,180.5
3,-0.85,169.9
3,-0.85,169.9
3,-0.79,169.9
3,-0.79,169.9
3,-0.69,169.9
3,-0.69,169.9
3,-0.51,169.9
3,-0.51,169.9
3,-0.49,169.9
3,-0.49,169.9
3,-0.49,169.9
3,-0.49,169.9
3,-0.42,169.9
3,-0.42,169.9
3,-0.36,169.9
3,-0.36,169.9
3,-0.02,169.9
3,-0.02,169.9
3,-0.49,170.1
3,-0.49,170.1
3,-0.33,170.1
3,-0.33,170.1
3,-0.25,170.1
3,-0.25,170.1
3,-0.25,170.1
3,-0.25,170.1
3,-0.19,170.1
3,-0.19,170.1
3,-0.14,170.1
3,-0.14,170.1
3,-0.14,170.1
3,-0.14,170.1
3,-0.33,170.1
3,-0.25,170.1
3,-0.25,170.1
3,-0.19,170.1
3,-0.14,170.1
3,-0.14,170.1
3,-0.94,170.6
3,-0.94,170.6
3,-0.58,170.6
3,-0.58,170.6
3,-0.53,170.6
3,-0.53,170.6
3,-0.52,170.6
3,-0.52,170.6
3,-0.52,170.6
3,-0.52,170.6
3,-0.44,170.6
3,-0.44,170.6
3,-0.43,170.6
3,-0.43,170.6
3,-0.43,170.6
3,-0.43,170.6
3,-0.39,170.6
3,-0.39,170.6
3,-0.37,170.6
3,-0.37,170.6
3,-0.28,170.6
3,-0.28,170.6
3,-0.23,170.6
3,-0.23,170.6
3,-0.12,170.6
3,-0.12,170.6
3,-0.94,170.6
3,-0.52,170.6
3,-0.43,170.6
3,-0.43,170.6
3,-0.28,170.6
3,-0.23,170.6
3,-1.31,170.6
3,-1.31,170.6
3,-1.71,170.6
3,-1.71,170.6
3,-1.23,170.6
3,-1.23,170.6
3,-2.71,170.6
3,-2.71,170.6
3,-2.00,170.6
3,-2.00,170.6
3,-0.52,170.8
3,-0.52,170.8
3,-0.46,170.8
3,-0.46,170.8
3,-0.52,170.8
3,-0.46,170.8
3,-1.46,170.8
3,-1.46,170.8
3,-0.93,170.8
3,-0.93,170.8
3,-1.43,170.8
3,-1.43,170.8
3,-1.71,170.8
3,-1.71,170.8
3,-1.85,170.8
3,-1.85,170.8
3,-1.76,170.8
3,-1.76,170.8
3,-1.64,170.8
3,-1.64,170.8
3,-0.64,171.2
3,-0.64,171.2
3,-0.52,171.2
3,-0.52,171.2
3,-0.39,171.2
3,-0.39,171.2
3,-1.03,171.2
3,-1.03,171.2
3,-2.47,171.2
3,-2.47,171.2
3,-2.04,171.2
3,-2.04,171.2
3,-1.65,171.2
3,-1.65,171.2
3,-1.36,171.2
3,-1.36,171.2
3,-1.60,171.2
3,-1.60,171.2
3,-1.19,171.2
3,-1.19,171.2
3,-1.00,171.2
3,-1.00,171.2
3,-0.90,171.2
3,-0.90,171.2
3,-0.80,171.2
3,-0.80,171.2
3,-2.46,171.2
3,-2.46,171.2
3,-2.37,171.2
3,-2.37,171.2
3,-1.75,171.2
3,-1.75,171.2
3,-1.70,171.2
3,-1.70,171.2
3,-1.66,171.2
3,-1.66,171.2
3,-1.62,171.2
3,-1.62,171.2
3,-1.45,171.2
3,-1.45,171.2
3,-1.29,171.2
3,-1.29,171.2
3,-2.25,171.6
3,-2.25,171.6
3,-2.21,171.6
3,-2.21,171.6
3,-1.89,171.6
3,-1.89,171.6
3,-1.19,171.6
3,-1.19,171.6
3,-0.22,171.6
3,-0.22,171.6
3,-2.90,171.6
3,-2.90,171.6
3,-2.81,171.6
3,-2.81,171.6
3,-2.31,171.6
3,-2.31,171.6
3,-2.14,171.6
3,-2.14,171.6
3,-1.74,171.6
3,-1.74,171.6
3,-1.59,171.6
3,-1.59,171.6
3,-1.72,172.1
3,-1.72,172.1
3,-1.31,172.1
3,-1.31,172.1
3,-1.91,173.6
3,-1.91,173.6
3,-1.46,173.6
3,-1.46,173.6
3,-0.75,173.6
3,-0.75,173.6
3,-0.72,173.6
3,-0.72,173.6
3,-0.91,173.6
3,-0.91,173.6
3,-0.71,173.6
3,-0.71,173.6
3,-0.64,173.6
3,-0.64,173.6
3,-1.25,173.6
3,-1.25,173.6
3,-0.94,173.6
3,-0.94,173.6
3,-0.89,173.6
3,-0.89,173.6
3,-1.87,173.6
3,-1.87,173.6
3,-0.97,173.6
3,-0.97,173.6
3,-1.40,173.6
3,-1.40,173.6
3,-2.00,175.2
3,-2.00,175.2
3,-0.53,175.2
3,-0.53,175.2
3,-2.80,175.2
3,-2.80,175.2
3,-2.70,175.2
3,-2.70,175.2
3,-2.60,175.2
3,-2.60,175.2
3,-2.40,175.2
3,-2.40,175.2
3,-1.70,175.2
3,-1.70,175.2
3,-1.70,175.2
3,-1.70,175.2
3,-1.60,175.2
3,-1.60,175.2
3,-1.60,175.2
3,-1.60,175.2
3,-1.30,175.2
3,-1.30,175.2
3,-4.10,176.6
3,-4.10,176.6
3,-4.00,176.6
3,-4.00,176.6
3,-3.90,176.6
3,-3.90,176.6
3,-3.20,176.6
3,-3.20,176.6
3,-2.90,176.6
3,-2.90,176.6
3,-2.80,176.6
3,-2.80,176.6
3,-2.70,176.6
3,-2.70,176.6
3,-2.60,176.6
3,-2.60,176.6
3,-2.60,176.6
3,-2.60,176.6
3,-2.50,176.6
3,-2.50,176.6
3,-2.50,176.6
3,-2.50,176.6
3,-2.40,176.6
3,-2.40,176.6
3,-2.40,176.6
3,-2.40,176.6
3,-2.30,176.6
3,-2.30,176.6
3,-2.30,176.6
3,-2.30,176.6
3,-2.20,176.6
3,-2.20,176.6
3,-2.20,176.6
3,-2.20,176.6
3,-2.20,176.6
3,-2.20,176.6
3,-2.20,176.6
3,-2.20,176.6
3,-2.20,176.6
3,-2.20,176.6
3,-2.20,176.6
3,-2.20,176.6
3,-2.10,176.6
3,-2.10,176.6
3,-2.10,176.6
3,-2.10,176.6
3,-2.10,176.6
3,-2.10,176.6
3,-2.10,176.6
3,-2.10,176.6
3,-2.00,176.6
3,-2.00,176.6
3,-1.90,176.6
3,-1.90,176.6
3,-1.80,176.6
3,-1.80,176.6
3,-1.70,176.6
3,-1.70,176.6
3,-1.70,176.6
3,-1.70,176.6
3,-1.60,176.6
3,-1.60,176.6
3,-1.60,176.6
3,-1.60,176.6
3,-1.50,176.6
3,-1.50,176.6
3,-1.50,176.6
3,-1.50,176.6
3,-1.50,176.6
3,-1.50,176.6
3,-1.40,176.6
3,-1.40,176.6
3,-1.40,176.6
3,-1.40,176.6
3,-1.20,176.6
3,-1.20,176.6
3,-1.20,176.6
3,-1.20,176.6
3,-2.40,177.8
3,-2.40,177.8
3,-2.30,177.8
3,-2.30,177.8
3,-2.30,177.8
3,-2.30,177.8
3,-2.20,177.8
3,-2.20,177.8
3,-2.10,177.8
3,-2.10,177.8
3,-2.00,177.8
3,-2.00,177.8
3,-2.00,177.8
3,-2.00,177.8
3,-1.80,177.8
3,-1.80,177.8
3,-1.70,177.8
3,-1.70,177.8
3,-1.70,177.8
3,-1.70,177.8
3,-1.60,177.8
3,-1.60,177.8
3,-1.50,177.8
3,-1.50,177.8
3,-1.50,177.8
3,-1.50,177.8
3,-1.40,177.8
3,-1.40,177.8
3,-1.40,177.8
3,-1.40,177.8
3,-1.30,177.8
3,-1.30,177.8
3,-1.30,177.8
3,-1.30,177.8
3,-1.20,177.8
3,-1.20,177.8
3,-1.10,177.8
3,-1.10,177.8
3,-2.80,179
3,-2.80,179
3,-2.70,179
3,-2.70,179
3,-2.60,179
3,-2.60,179
3,-2.60,179
3,-2.60,179
3,-2.40,179
3,-2.40,179
3,-2.40,179
3,-2.40,179
3,-2.20,179
3,-2.20,179
3,-2.20,179
3,-2.20,179
3,-2.20,179
3,-2.20,179
3,-2.00,179
3,-2.00,179
3,-2.00,179
3,-2.00,179
3,-2.00,179
3,-2.00,179
3,-2.00,179
3,-2.00,179
3,-1.90,179
3,-1.90,179
3,-1.90,179
3,-1.90,179
3,-1.90,179
3,-1.90,179
3,-1.80,179
3,-1.80,179
3,-1.70,179
3,-1.70,179
3,-1.70,179
3,-1.70,179
3,-1.70,179
3,-1.70,179
3,-1.60,179
3,-1.60,179
3,-1.60,179
3,-1.60,179
3,-1.60,179
3,-1.60,179
3,-1.50,179
3,-1.50,179
3,-1.50,179
3,-1.50,179
3,-1.40,179
3,-1.40,179
3,-1.40,179
3,-1.40,179
3,-1.40,179
3,-1.40,179
3,-1.30,179
3,-1.30,179
3,-0.80,179
3,-0.80,179
3,-2.72,180.5
3,-2.72,180.5
3,-3.90,180.5
3,-3.90,180.5
3,-3.90,180.5
3,-3.90,180.5
3,-3.70,180.5
3,-3.70,180.5
3,-3.20,180.5
3,-3.20,180.5
3,-3.20,180.5
3,-3.20,180.5
3,-3.20,180.5
3,-3.20,180.5
3,-3.10,180.5
3,-3.10,180.5
3,-2.60,180.5
3,-2.60,180.5
3,-2.60,180.5
3,-2.60,180.5
3,-2.50,180.5
3,-2.50,180.5
3,-2.50,180.5
3,-2.50,180.5
3,-2.30,180.5
3,-2.30,180.5
3,-2.30,180.5
3,-2.30,180.5
3,-2.20,180.5
3,-2.20,180.5
3,-2.10,180.5
3,-2.10,180.5
3,-2.00,180.5
3,-2.00,180.5
3,-2.00,180.5
3,-2.00,180.5
3,-1.90,180.5
3,-1.90,180.5
3,-1.90,180.5
3,-1.90,180.5
3,-1.90,180.5
3,-1.90,180.5
3,-1.90,180.5
3,-1.90,180.5
3,-1.80,180.5
3,-1.80,180.5
3,-1.70,180.5
3,-1.70,180.5
3,-1.60,180.5
3,-1.60,180.5
3,-1.60,180.5
3,-1.60,180.5
3,-1.60,180.5
3,-1.60,180.5
3,-1.40,180.5
3,-1.40,180.5
3,-1.40,180.5
3,-1.40,180.5
3,-1.40,180.5
3,-1.40,180.5
3,-1.40,180.5
3,-1.40,180.5
3,-1.20,180.5
3,-1.20,180.5
5,-0.84,144.1
5,-0.79,144.1
5,-1.71,144.9
5,-1.95,145.9
5,-1.94,145.9
5,-1.8,145.9
5,-1.8,145.9
5,-1.76,145.9
5,-1.76,145.9
5,-1.75,145.9
5,-1.75,145.9
5,-1.75,145.9
5,-1.65,145.9
5,-1.64,145.9
5,-1.53,145.9
5,-1.5,145.9
5,-1.48,145.9
5,-1.44,145.9
5,-1.4,145.9
5,-1.4,145.9
5,-1.37,145.9
5,-1.33,145.9
5,-1.33,145.9
5,-1.28,145.9
5,-1.24,145.9
5,-1.13,145.9
5,-1.02,145.9
5,-1.02,145.9
5,-1,145.9
5,-0.91,145.9
5,-0.82,145.9
5,-0.72,145.9
5,-0.7,145.9
5,-0.68,145.9
5,-0.6,145.9
5,-0.58,145.9
5,-1.37,145.9
5,-1.24,145.9
5,-1.54,145.9
5,-0.89,145.9
5,1.4,145.9
5,-1.52,147
5,-1.39,147
5,-1.24,147
5,-1.11,147
5,-1.09,147
5,-1.09,147
5,-0.99,147
5,-0.98,147
5,-0.97,147
5,-0.87,147
5,-0.83,147
5,-0.82,147
5,-0.81,147
5,-0.76,147
5,-0.7,147
5,-0.61,147
5,-1.3,147
5,-1.15,148.9
5,-0.81,148.9
5,-0.63,148.9
5,-0.52,148.9
5,-0.09,148.9
5,-2.24,148.9
5,-1.72,149.7
5,-1.29,149.7
5,-1.2,149.7
5,-1.16,149.7
5,-1.08,149.7
5,-1.02,149.7
5,-0.97,149.7
5,-0.94,149.7
5,-0.88,149.7
5,-0.86,149.7
5,-0.82,149.7
5,-0.7,149.7
5,-0.43,149.7
5,-1.77,149.7
5,-1.46,149.7
5,-1.41,150.7
5,-1.33,150.7
5,-1.1,150.7
5,-0.84,150.7
5,-1.99,150.7
5,-1.79,150.7
5,-1.54,152.8
5,-1.42,152.8
5,-1.23,152.8
5,-0.99,152.8
5,-1.25,153
5,-1.08,153
5,-0.93,153
5,-0.76,153
5,-0.73,153
5,-0.51,153
5,-0.09,153
5,-0.02,153
5,-1.57,153.9
5,-0.8,153.9
5,-0.52,153.9
5,-0.4,153.9
5,-0.24,153.9
5,-0.22,153.9
5,-0.08,153.9
5,-0.07,153.9
5,-0.07,153.9
5,0.25,153.9
5,0.33,153.9
5,0.06,154.2
5,-0.6,155.8
5,-0.58,155.8
5,-0.11,155.8
5,-0.1,155.8
5,-0.04,155.8
5,-0.03,155.8
5,0.1,155.8
5,0.15,155.8
5,0.26,155.8
5,-1.79,156.1
5,-0.15,156.1
5,-0.47,157.1
5,-0.32,157.1
5,0.24,157.1
5,0.4,157.1
5,0.87,157.1
5,1.1,157.1
5,0.81,157.7
5,1.17,157.7
5,1.29,157.7
5,1.23,157.9
5,0.11,158
5,0.38,158
5,0.53,158
5,0.55,158
5,0.89,158
5,1.05,158
5,1.28,158
5,-0.87,158.2
5,0.17,158.2
5,0.36,158.2
5,1.07,158.2
5,-0.61,158.3
5,0.73,158.3
5,0.84,158.3
5,1.13,158.3
5,1.24,158.3
5,1.27,158.3
5,1.38,158.3
5,1.46,158.3
5,1.47,158.3
5,1.5,158.3
5,1.65,158.3
5,1.68,158.3
5,1.76,158.3
5,1.76,158.3
5,2.38,158.3
5,-1.32,158.3
5,-1.19,158.3
5,-1.05,158.3
5,-0.96,158.3
5,-0.94,158.3
5,-0.90,158.3
5,-0.88,158.3
5,-0.81,158.3
5,-0.76,158.3
5,-0.72,158.3
5,-0.71,158.3
5,-0.69,158.3
5,-0.66,158.3
5,-0.51,158.3
5,-0.40,158.3
5,-0.35,158.3
5,-0.29,158.3
5,-0.24,158.3
5,-0.02,158.3
5,0.03,158.3
5,0.06,158.3
5,0.31,158.3
5,0.55,158.3
5,0.63,158.3
5,0.61,158.8
5,1.77,158.8
5,-0.59,158.8
5,-0.43,158.8
5,0.25,158.8
5,0.35,158.8
5,0.54,158.8
5,0.68,158.8
5,0.72,158.8
5,0.72,158.8
5,0.92,158.8
5,1.01,158.8
5,1.04,158.8
5,1.17,158.8
5,1.36,158.8
5,1.44,158.8
5,1.61,158.8
5,1.63,158.8
5,1.66,158.8
5,1.72,158.8
5,1.83,158.8
5,1.91,158.8
5,2.3,158.8
5,2.76,158.8
5,0.72,159.4
5,0.81,159.4
5,0.83,159.4
5,0.9,159.4
5,0.96,159.4
5,1.05,159.4
5,1.17,159.4
5,1.19,159.4
5,0.22,160.6
5,0.61,160.6
5,0.73,160.6
5,0.76,160.6
5,0.83,160.6
5,0.84,160.6
5,0.84,160.6
5,0.88,160.6
5,0.89,160.6
5,0.94,160.6
5,0.94,160.6
5,0.96,160.6
5,0.98,160.6
5,1,160.6
5,1.02,160.6
5,1.1,160.6
5,1.12,160.6
5,1.14,160.6
5,1.39,160.6
5,1.53,160.6
5,1.62,160.6
5,1.63,160.6
5,1.64,160.6
5,1.67,160.6
5,1.74,160.6
5,1.8,160.6
5,1.8,160.6
5,1.85,160.6
5,1.88,160.6
5,2.01,160.6
5,2.02,160.6
5,2.03,160.6
5,2.13,160.6
5,1.19,160.6
5,0.99,161.5
5,1.56,161.5
5,1.76,161.5
5,0.48,162
5,0.68,162
5,0.88,162
5,0.89,162
5,0.9,162
5,0.95,162
5,1.12,162
5,1.12,162
5,1.2,162
5,1.71,162
5,1.72,162
5,1.76,162
5,1.85,162
5,1.97,162
5,2.35,162
5,1.30,162.7
5,1.40,162.7
5,1.50,162.7
5,1.54,162.7
5,1.55,162.7
5,1.58,162.7
5,1.66,162.7
5,1.84,162.7
5,1.92,162.7
5,1.97,162.7
5,2.17,162.7
5,2.19,162.7
5,-0.13,163.1
5,1.19,163.1
5,1.31,163.1
5,1.68,163.1
6,-0.61,149
6,-0.44,149
6,0.77,149
6,1.10,149
6,1.38,153
6,-0.71,153.9
6,0.67,153.9
6,1.15,153.9
6,0.41,157.1
6,1.28,157.1
6,0.52,158
6,1.61,158
6,0.96,158.3
6,0.51,158.8
6,1.58,158.8
6,-0.68,179
6,0.70,179
6,1.11,179
4,-1.90,146.3
4,-1.14,146.3
4,-0.62,146.3
4,-1.00,146.5
4,-1.08,146.5
4,-1.87,146.5
4,-0.53,146.7
4,-0.66,146.7
4,-0.73,146.7
4,-1.56,146.7
4,-0.91,147
4,-0.51,147
4,-0.88,147
4,-0.98,147
4,-0.58,147
4,-1.23,147
4,-0.48,147.2
4,-1.47,147.2
4,-0.73,147.2
4,-0.46,147.2
4,-0.75,148.1
4,-1.24,148.1
4,-1.48,148.1
4,-1.05,151.6
4,-1.26,151.6
4,-0.76,151.6
4,-1.06,155.8
4,-0.63,155.8
4,-0.64,155.8
4,-1.50,158
4,-1.41,158
4,-0.96,158
4,0.04,158.3
4,-0.98,158.3
4,0.77,158.3
4,1.41,162
4,1.68,162
4,1.41,162
4,0.00,162.7
4,-0.94,162.7
4,-0.43,162.7
4,0.09,162.7
4,0.02,162.7
4,0.49,162.7
4,0.70,162.7
4,-1.12,163.4
4,-0.85,163.4
4,-0.95,163.4
4,-1.44,163.4
4,-1.49,163.4
4,-1.82,163.4
4,-1.02,163.4
4,-0.45,163.4
4,0.15,163.4
4,-0.33,163.4
4,-0.41,163.4
4,-0.78,163.4
4,-0.43,163.4
4,-0.21,163.4
4,-1.14,163.4
4,0.77,163.7
4,0.88,163.7
4,0.15,163.7
4,-1.07,163.7
4,-1.55,163.7
4,-0.24,163.7
4,0.36,164.2
4,0.14,164.2
4,0.31,164.2
4,0.05,164.2
4,-1.27,164.2
4,-1.55,164.2
4,-1.52,164.2
4,-0.32,165.4
4,0.66,165.4
4,-0.27,165.4
4,-0.29,165.8
4,-1.20,165.8
4,-0.33,165.8
4,-0.30,166.6
4,-0.26,166.6
4,-0.44,166.6
4,0.82,166.6
4,1.28,166.6
4,0.34,166.6
4,-3.25,167.1
4,-3.52,167.1
4,0.60,167.1
4,-0.61,167.1
4,0.06,167.1
4,-2.05,167.1
4,-0.48,167.1
4,-2.10,167.1
4,-0.98,167.1
4,-1.27,167.1
4,-2.03,167.1
4,-0.84,167.6
4,-1.19,167.6
4,-1.26,167.6
4,0.67,167.6
4,0.87,167.6
4,-0.36,167.6
4,0.15,167.6
4,-0.41,167.6
4,0.30,167.6
4,0.52,167.6
4,0.40,167.6
4,-0.45,167.6
4,-0.52,167.6
4,0.61,167.9
4,-0.62,167.9
4,0.44,167.9
4,-0.09,167.9
4,0.51,168.7
4,0.87,168.7
4,0.81,168.7
4,0.53,168.7
4,0.71,168.7
4,0.82,168.7
4,-0.29,168.7
4,-1.94,168.7
4,-0.87,168.7
4,-0.42,168.7
4,-0.83,168.7
4,-0.60,168.7
4,-0.55,168.7
4,-1.83,168.7
4,-0.72,168.7
4,-2.20,168.7
4,-2.04,168.7
4,-2.04,168.7
4,-0.39,168.7
4,0.65,168.7
4,0.80,168.7
4,-0.65,168.7
4,-0.10,168.7
4,0.37,168.7
4,-0.57,168.7
4,-1.93,168.7
4,-1.76,168.7
4,-2.32,168.7
4,-4.14,168.7
4,-3.92,168.7
4,-0.70,168.7
4,-1.13,168.7
4,-1.50,168.7
4,-0.44,168.7
4,-0.05,168.7
4,-1.48,168.7
4,0.61,168.7
4,0.26,168.7
4,-0.99,168.7
4,0.30,168.7
4,0.67,168.7
4,0.56,168.7
4,-0.68,168.7
4,-0.99,168.7
4,-1.17,168.7
4,0.83,168.7
4,1.09,168.7
4,0.72,168.7
4,0.68,168.7
4,0.66,168.7
4,0.86,168.7
4,0.10,168.7
4,0.18,168.7
4,-0.33,168.7
4,-0.12,168.7
4,-0.73,168.7
4,-0.24,168.7
4,-0.52,168.7
4,-0.95,168.7
4,-0.65,168.7
4,-1.74,168.7
4,-1.35,168.7
4,-1.14,168.7
4,-1.39,168.7
4,-0.69,168.7
4,0.65,170
4,0.54,170
4,-0.75,170
4,1.29,170
4,1.11,170
4,0.97,170
4,0.54,170
4,-1.89,170
4,-0.39,172.2
4,0.41,172.2
4,0.95,176.6
4,-1.45,176.6
4,-2.20,180.5
4,-2.18,180.5
4,-3.41,180.5
